[
{
    "model": "accounts.user",
    "pk": 1,
    "fields": {
        "password": "pbkdf2_sha256$260000$wosXsFKvxgcvpOyFQNwjhO$AC1X8UJMw1hRrvZEsoPpQhYImnGTXz7ysjxrtq62VZY=",
        "last_login": "2023-04-12T05:29:36.754Z",
        "is_superuser": false,
        "username": "dubu",
        "first_name": "",
        "last_name": "",
        "email": "",
        "is_staff": false,
        "is_active": true,
        "date_joined": "2023-04-12T05:29:36.611Z",
        "groups": [],
        "user_permissions": []
    }
},
{
    "model": "accounts.user",
    "pk": 2,
    "fields": {
        "password": "pbkdf2_sha256$260000$fVuiG5bnQeGZ6JW8fM5fFB$GhN4fEYjFJ7Xhuzfb6sWnVefgQk6dmj3QXg0qtYdeKg=",
        "last_login": "2023-04-12T06:10:58.894Z",
        "is_superuser": false,
        "username": "wjh1224",
        "first_name": "",
        "last_name": "",
        "email": "",
        "is_staff": false,
        "is_active": true,
        "date_joined": "2023-04-12T05:31:40.905Z",
        "groups": [],
        "user_permissions": []
    }
},
{
    "model": "movies.movie",
    "pk": 1,
    "fields": {
        "user": 1,
        "title": "쇼생크 탈출",
        "content": "촉망 받던 은행 부지점장 ‘앤디(팀 로빈슨 分)’는 아내와 그 애인을 살해한 혐의로 종신형을 받고 쇼생크 교도소에 수감된다. 강력범들이 수감된 이곳에서 재소자들은 짐승 취급 당하고, 혹여 간수 눈에 잘못 보였다가는 개죽음 당하기 십상이다. 처음엔 적응 못하던 ‘앤디’는 교도소 내 모든 ... 더보기",
        "created_at": "2023-04-12T05:30:33.645Z",
        "updated_at": "2023-04-12T05:30:33.645Z",
        "like_users": [
            2
        ]
    }
},
{
    "model": "movies.movie",
    "pk": 2,
    "fields": {
        "user": 1,
        "title": "배트맨 비긴즈",
        "content": "브루스 웨인(크리스찬 베일)은 어린 시절, 부모님이 길거리에서 피살되는 것을 눈 앞에서 지켜본 후 죄의식과 분노로 늘 고통 받는다. 복수하고 싶은 욕망은 불타오르지만 명예를 지켜야 한다던 부모님의 가르침 사이에서 갈등하던 그는 악을 물리칠 방법을 터득하기 위해 고담시를 떠나 홀로 세상을 유랑한다.... 더보기",
        "created_at": "2023-04-12T05:31:01.694Z",
        "updated_at": "2023-04-12T05:31:01.694Z",
        "like_users": [
            2
        ]
    }
},
{
    "model": "movies.comment",
    "pk": 1,
    "fields": {
        "movie": 2,
        "user": 1,
        "content": "재밌다",
        "created_at": "2023-04-12T05:31:08.936Z",
        "updated_at": "2023-04-12T05:31:08.936Z"
    }
},
{
    "model": "auth.permission",
    "pk": 1,
    "fields": {
        "name": "Can add user",
        "content_type": 1,
        "codename": "add_user"
    }
},
{
    "model": "auth.permission",
    "pk": 2,
    "fields": {
        "name": "Can change user",
        "content_type": 1,
        "codename": "change_user"
    }
},
{
    "model": "auth.permission",
    "pk": 3,
    "fields": {
        "name": "Can delete user",
        "content_type": 1,
        "codename": "delete_user"
    }
},
{
    "model": "auth.permission",
    "pk": 4,
    "fields": {
        "name": "Can view user",
        "content_type": 1,
        "codename": "view_user"
    }
},
{
    "model": "auth.permission",
    "pk": 5,
    "fields": {
        "name": "Can add movie",
        "content_type": 2,
        "codename": "add_movie"
    }
},
{
    "model": "auth.permission",
    "pk": 6,
    "fields": {
        "name": "Can change movie",
        "content_type": 2,
        "codename": "change_movie"
    }
},
{
    "model": "auth.permission",
    "pk": 7,
    "fields": {
        "name": "Can delete movie",
        "content_type": 2,
        "codename": "delete_movie"
    }
},
{
    "model": "auth.permission",
    "pk": 8,
    "fields": {
        "name": "Can view movie",
        "content_type": 2,
        "codename": "view_movie"
    }
},
{
    "model": "auth.permission",
    "pk": 9,
    "fields": {
        "name": "Can add comment",
        "content_type": 3,
        "codename": "add_comment"
    }
},
{
    "model": "auth.permission",
    "pk": 10,
    "fields": {
        "name": "Can change comment",
        "content_type": 3,
        "codename": "change_comment"
    }
},
{
    "model": "auth.permission",
    "pk": 11,
    "fields": {
        "name": "Can delete comment",
        "content_type": 3,
        "codename": "delete_comment"
    }
},
{
    "model": "auth.permission",
    "pk": 12,
    "fields": {
        "name": "Can view comment",
        "content_type": 3,
        "codename": "view_comment"
    }
},
{
    "model": "auth.permission",
    "pk": 13,
    "fields": {
        "name": "Can add log entry",
        "content_type": 4,
        "codename": "add_logentry"
    }
},
{
    "model": "auth.permission",
    "pk": 14,
    "fields": {
        "name": "Can change log entry",
        "content_type": 4,
        "codename": "change_logentry"
    }
},
{
    "model": "auth.permission",
    "pk": 15,
    "fields": {
        "name": "Can delete log entry",
        "content_type": 4,
        "codename": "delete_logentry"
    }
},
{
    "model": "auth.permission",
    "pk": 16,
    "fields": {
        "name": "Can view log entry",
        "content_type": 4,
        "codename": "view_logentry"
    }
},
{
    "model": "auth.permission",
    "pk": 17,
    "fields": {
        "name": "Can add permission",
        "content_type": 5,
        "codename": "add_permission"
    }
},
{
    "model": "auth.permission",
    "pk": 18,
    "fields": {
        "name": "Can change permission",
        "content_type": 5,
        "codename": "change_permission"
    }
},
{
    "model": "auth.permission",
    "pk": 19,
    "fields": {
        "name": "Can delete permission",
        "content_type": 5,
        "codename": "delete_permission"
    }
},
{
    "model": "auth.permission",
    "pk": 20,
    "fields": {
        "name": "Can view permission",
        "content_type": 5,
        "codename": "view_permission"
    }
},
{
    "model": "auth.permission",
    "pk": 21,
    "fields": {
        "name": "Can add group",
        "content_type": 6,
        "codename": "add_group"
    }
},
{
    "model": "auth.permission",
    "pk": 22,
    "fields": {
        "name": "Can change group",
        "content_type": 6,
        "codename": "change_group"
    }
},
{
    "model": "auth.permission",
    "pk": 23,
    "fields": {
        "name": "Can delete group",
        "content_type": 6,
        "codename": "delete_group"
    }
},
{
    "model": "auth.permission",
    "pk": 24,
    "fields": {
        "name": "Can view group",
        "content_type": 6,
        "codename": "view_group"
    }
},
{
    "model": "auth.permission",
    "pk": 25,
    "fields": {
        "name": "Can add content type",
        "content_type": 7,
        "codename": "add_contenttype"
    }
},
{
    "model": "auth.permission",
    "pk": 26,
    "fields": {
        "name": "Can change content type",
        "content_type": 7,
        "codename": "change_contenttype"
    }
},
{
    "model": "auth.permission",
    "pk": 27,
    "fields": {
        "name": "Can delete content type",
        "content_type": 7,
        "codename": "delete_contenttype"
    }
},
{
    "model": "auth.permission",
    "pk": 28,
    "fields": {
        "name": "Can view content type",
        "content_type": 7,
        "codename": "view_contenttype"
    }
},
{
    "model": "auth.permission",
    "pk": 29,
    "fields": {
        "name": "Can add session",
        "content_type": 8,
        "codename": "add_session"
    }
},
{
    "model": "auth.permission",
    "pk": 30,
    "fields": {
        "name": "Can change session",
        "content_type": 8,
        "codename": "change_session"
    }
},
{
    "model": "auth.permission",
    "pk": 31,
    "fields": {
        "name": "Can delete session",
        "content_type": 8,
        "codename": "delete_session"
    }
},
{
    "model": "auth.permission",
    "pk": 32,
    "fields": {
        "name": "Can view session",
        "content_type": 8,
        "codename": "view_session"
    }
},
{
    "model": "contenttypes.contenttype",
    "pk": 1,
    "fields": {
        "app_label": "accounts",
        "model": "user"
    }
},
{
    "model": "contenttypes.contenttype",
    "pk": 2,
    "fields": {
        "app_label": "movies",
        "model": "movie"
    }
},
{
    "model": "contenttypes.contenttype",
    "pk": 3,
    "fields": {
        "app_label": "movies",
        "model": "comment"
    }
},
{
    "model": "contenttypes.contenttype",
    "pk": 4,
    "fields": {
        "app_label": "admin",
        "model": "logentry"
    }
},
{
    "model": "contenttypes.contenttype",
    "pk": 5,
    "fields": {
        "app_label": "auth",
        "model": "permission"
    }
},
{
    "model": "contenttypes.contenttype",
    "pk": 6,
    "fields": {
        "app_label": "auth",
        "model": "group"
    }
},
{
    "model": "contenttypes.contenttype",
    "pk": 7,
    "fields": {
        "app_label": "contenttypes",
        "model": "contenttype"
    }
},
{
    "model": "contenttypes.contenttype",
    "pk": 8,
    "fields": {
        "app_label": "sessions",
        "model": "session"
    }
},
{
    "model": "sessions.session",
    "pk": "xalz0geo6l1xc6bfojdyc8snfissp466",
    "fields": {
        "session_data": ".eJxVjEEOwiAQRe_C2hAYBgsu3fcMhBlAqoYmpV0Z765NutDtf-_9lwhxW2vYel7ClMRFgDj9bhT5kdsO0j222yx5busykdwVedAuxznl5_Vw_w5q7PVbG4SzNsUBZoeekgdlFRmjYNCIPBCy0mxjRmfJaeSsCSk5LpC8M0W8P6_lNzc:1pmTh4:-bZM1bS1lmL8RKNrm0zf77ZWKUwpcPFm66UhQ1s9-Ss",
        "expire_date": "2023-04-26T06:10:58.900Z"
    }
}
]
